<?xml version="1.0" encoding="UTF-8"?>
<beans xmlns="http://www.springframework.org/schema/beans"
xmlns:xsi="http://www.w3.org/2001/XMLSchema-instance"
xmlns:context="http://www.springframework.org/schema/context"
xmlns:mvc="http://www.springframework.org/schema/mvc"
xmlns:security="http://www.springframework.org/schema/security"
xsi:schemaLocation="http://www.springframework.org/schema/mvc
http://www.springframework.org/schema/mvc/spring-mvc-4.0.xsd
http://www.springframework.org/schema/security
http://www.springframework.org/schema/security/spring-security-3.1.xsd
http://www.springframework.org/schema/beans
http://www.springframework.org/schema/beans/spring-beans.xsd
http://www.springframework.org/schema/context
http://www.springframework.org/schema/context/spring-context-4.0.xsd">

	<!-- Spring MVC configuration -->
	<mvc:annotation-driven enable-matrix-variables="true"/>
	
	<context:component-scan base-package="com.stevenlesoft.webstore" />
	
	<bean class="org.springframework.web.servlet.view.InternalResourceViewResolver">
		<property name="prefix" value="/WEB-INF/views/" />
		<property name="suffix" value=".jsp"/>
	</bean>
	
	<!-- Spring security configuration -->
	<security:http auto-config="true" use-expressions="true">
		<security:intercept-url pattern="/products/add" access="isAuthenticated()" />
		<security:intercept-url pattern="/customers/add" access="isAuthenticated()" />
		<security:form-login login-page="/login"
		authentication-success-handler-ref="useRefererHandler"
		authentication-failure-url="/loginfailed"/>
		<security:logout logout-success-url="/logout" />
	</security:http>
	
	<security:authentication-manager>
		<security:authentication-provider ref="myDAOAuthenticationProvider" />
	</security:authentication-manager>
	
	<bean id="myDAOAuthenticationProvider" 
	class="com.stevenlesoft.webstore.security.MyDAOAuthenticationProvider" />
	
	<bean id="useRefererHandler" class="org.springframework.security.web.authentication.SavedRequestAwareAuthenticationSuccessHandler">
    	<property name="useReferer" value="true"/>
    </bean>
</beans>